id_geography,zipcode,id_borough,building,street,latitude,longitude
4024,11225,3,948,NOSTRAND AVENUE,40.665691233343,-73.950901784124
14714,11101,4,41-26,CRESCENT STREET,40.75180294914,-73.939501338959
15437,11372,4,82-13,NORTHERN BOULEVARD,40.75558212959,-73.885149926454
12622,10011,1,132,7 AVENUE,40.740966091414,-73.997932223491
9554,10002,1,124,LUDLOW STREET,40.719718307529,-73.988524446734
11370,10003,1,182,2 AVENUE,40.730688875082,-73.986133970566
20751,10472,2,1504,WESTCHESTER AVENUE,40.828518474267,-73.879820171947
22196,10467,2,2712,WHITE PLAINS ROAD,40.865693182355,-73.867337161105
15879,10022,1,155,EAST   52 STREET,40.757510580115,-73.970881478995
0,null,1,30,ROCKFEELLER PLAZA,0,0
532,11214,3,2811,CROPSEY AVENUE,40.586198487515,-73.988162247681
8110,11249,3,25,BROADWAY,40.710755470624,-73.967922564566
13962,10001,1,38,WEST   32 STREET,40.747882202654,-73.987252796195
15141,10017,1,306,EAST   49 STREET,40.754043326774,-73.968526064627
11456,10014,1,31,CORNELIA STREET,40.731326473201,-74.002417467842
6746,11435,4,95-08,SUTPHIN BOULEVARD,40.698220263051,-73.806359821833
21654,10457,2,2115,WASHINGTON AVENUE,40.851880404854,-73.895339205538
16505,11362,4,5607,MARATHON PKWY,40.760189479339,-73.731612502881
5202,11217,3,238,FLATBUSH AVENUE,40.680438439273,-73.974837933912
12112,11367,4,65-01,KISSENA BOULEVARD,40.736954548646,-73.814683434373
3331,11226,3,2011,CHURCH AVENUE,40.650110183329,-73.960780368158
10266,10003,1,13,EAST    1 STREET,40.724516414766,-73.991435104559
10546,11367,4,7210,MAIN ST,40.726346102347,-73.821669075826
11774,10014,1,59,CHRISTOPHER STREET,40.733697952566,-74.002294872356
7952,11211,3,270,SOUTH    5 STREET,40.709404757242,-73.958476562381
0,null,1,1596 1598,2ND  AVENUE,0,0
21201,10461,2,1378,CROSBY AVENUE,40.840249056015,-73.829555730982
7889,11211,3,274,BROADWAY,40.708724168904,-73.958794398093
8343,11249,3,340,BEDFORD AVENUE,40.712749245872,-73.962417087806
12673,10010,1,664,6 AVENUE,40.741383151339,-73.993890457889
17238,10019,1,420,WEST   49 STREET,40.763192765105,-73.990246066614
9163,11375,4,7303,YELLOWSTONE BLVD,40.717680937564,-73.856994616372
16427,10036,1,253,WEST   47 STREET,40.759906884359,-73.986283082385
17874,10021,1,417,EAST   70 STREET,40.766242540347,-73.95635437449
7407,11385,4,575,SENECA AVENUE,40.704497172094,-73.910535711087
11923,10003,1,13,EAST   13 STREET,40.734990566823,-73.993349792265
16885,11354,4,13613,37 AVENUE,40.761673794176,-73.830584230826
19359,10024,1,251,WEST   85 STREET,40.78785534499,-73.977527276446
18665,10028,1,1583,2 AVENUE,40.775433620871,-73.953532090009
10395,11375,4,102-39,QUEENS BOULEVARD,40.725471027107,-73.850866141238
18211,11362,4,251-28,NORTHERN BOULEVARD,40.769461566407,-73.736459662983
7725,11206,3,188,MONTROSE AVENUE,40.707432359652,-73.94201607197
19810,10026,1,46,WEST  116 STREET,40.801465396451,-73.948395674795
19841,10025,1,2787,BROADWAY,40.80251553642,-73.967997372023
19073,10128,1,1762,2 AVENUE,40.781527823222,-73.949061146832
2448,11220,3,6823,4 AVENUE,40.635092336041,-74.023311006826
5378,11231,3,552,HENRY STREET,40.682230793964,-74.000331705475
7586,11237,3,31,WYCKOFF AVENUE,40.70633113204,-73.922464549501
21304,10457,2,1692,WEBSTER AVENUE,40.843211391855,-73.903445214682
18898,10128,1,1700,1 AVENUE,40.778412158684,-73.948236683921
17414,11354,4,15628,NORTHERN BLVD,40.763961680113,-73.808824869434
2042,11209,3,7609,5 AVENUE,40.628540600084,-74.023009695231
7568,11412,4,20003,HOLLIS AVENUE,40.706169176024,-73.75732737148
8790,10007,1,86A,WEST BROADWAY,40.715195109911,-74.009505194241
10292,11375,4,10311,QUEENS BLVD,40.724745445793,-73.850128170458
14666,10168,1,122,EAST   42 STREET,40.751594155541,-73.976449558859
13444,10016,1,643,2 AVENUE,40.745533488686,-73.975336549083
11787,11373,4,90-15,QUEENS BOULEVARD,40.733840182011,-73.871577033806
3254,11220,3,4518,5 AVENUE,40.647747900349,-74.007574816996
20148,10465,2,134,PENNYFIELD AVENUE,40.811657057444,-73.805389088739
10974,10003,1,34,ST MARKS PLACE,40.728765015721,-73.98810435231
18802,10028,1,1640,2 AVENUE,40.777285764692,-73.952155130566
10528,10009,1,131,EAST    7 STREET,40.726299732684,-73.98411447017
3802,11203,3,505,UTICA AVENUE,40.661102908946,-73.931369604033
2108,10302,5,537,PORT RICHMOND AVENUE,40.629807292028,-74.140398981449
3319,11220,3,4412,4 AVENUE,40.649688338499,-74.009232753452
22697,10466,2,4325,BOSTON ROAD,40.889958197447,-73.820071093679
2801,11236,3,8901,FLATLANDS AVENUE,40.639810621164,-73.906634035202
22211,10034,1,553,WEST  207 STREET,40.866074127087,-73.920166127839
15258,11372,4,7320,NORTHERN BOULEVARD,40.754695353925,-73.893460379625
19089,10024,1,360,AMSTERDAM AVENUE,40.78197639914,-73.979190289769
16839,10019,1,807,8 AVENUE,40.761444001217,-73.986726769862
16412,10019,1,25,WEST   51 STREET,40.759859007645,-73.978385041076
8152,11211,3,525,GRAND STREET,40.711045571367,-73.950182906736
7810,11211,3,265,UNION AVENUE,40.70804573975,-73.950650446915
14363,10001,1,409,8 AVENUE,40.749924909282,-73.995120399211
7903,11423,4,18215,JAMAICA AVE,40.708816702334,-73.778436391703
13635,11101,4,2428,JACKSON AVENUE,40.746392659289,-73.944197946158
20593,10031,1,1693,AMSTERDAM AVENUE,40.824397652502,-73.948200773795
4225,11212,3,1642,PITKIN AVENUE,40.669412191657,-73.912457449189
12632,10016,1,364,3 AVENUE,40.74100854542,-73.981566825062
8685,10007,1,96,CHAMBERS STREET,40.714673757035,-74.00743094739
13814,10001,1,156,WEST   29 STREET,40.747303461364,-73.991637878373
14023,11373,4,4008,CASE ST,40.748231064796,-73.876648820648
2000,10303,5,2270,FOREST AVENUE,40.627046160643,-74.165009081887
11395,10003,1,223,1 AVENUE,40.730864106929,-73.982922693026
11415,10014,1,27,MORTON STREET,40.731021738647,-74.004571518949
14690,11368,4,111-17,ROOSEVELT AVENUE,40.751678510406,-73.855502907424
17277,11106,4,25-27,BROADWAY,40.7633079547,-73.92819546732
11446,11374,4,9734,63 ROAD,40.731235835358,-73.860212759238
16157,10112,1,30,ROCKEFELLER PLAZA,40.758747437799,-73.978692223615
7237,11385,4,679,SENECA AVENUE,40.703131194602,-73.908225700854
21483,10461,2,3039,BUHRE AVENUE,40.847437069993,-73.83110231601
22585,10463,2,124,WEST  238 STREET,40.88330150061,-73.897759580633
5322,11434,4,12701,MERRICK BLVD,40.681529534431,-73.765371047756
11631,11375,4,64-05,108 STREET,40.732762100863,-73.849503885151
686,11223,3,2650C,CONEY ISLAND AVENUE,40.592115616554,-73.960731747329
5454,11238,3,900,FULTON STREET,40.683103826457,-73.965156044334
22386,10468,2,2958,JEROME AVENUE,40.872767958441,-73.889629288265
11067,10003,1,12,SAINT MARKS PLACE,40.729198789009,-73.989114527273
21203,10452,2,19,WEST  170 STREET,40.840340726441,-73.917999756594
1195,11214,3,8411,18 AVENUE,40.608256200073,-74.001390172729
0,null,4,1200406,ROCKAWAY BLVD,0,0
20380,10465,2,4112,EAST TREMONT AVENUE,40.818691786523,-73.817038183416
2272,11209,3,7302,3 AVENUE,40.632719965457,-74.027287676331
10732,11374,4,98-108,QUEENS BOULEVARD,40.727237885744,-73.85453866675
11741,11374,4,6135,JUNCTION BLVD,40.733428169799,-73.864170033452
8329,11379,4,72-60,METROPOLITAN AVENUE,40.712659524605,-73.8798495165
15137,10017,1,757,3 AVENUE,40.754027772142,-73.972056060847
22778,10466,2,4466,BAYCHESTER AVENUE,40.901412337671,-73.846892197665
7204,11237,3,236,KNICKERBOCKER AVENUE,40.702915970307,-73.925602688528
6115,11201,3,151,ATLANTIC AVENUE,40.690443053672,-73.995092315563
22547,10469,2,3762,BOSTON ROAD,40.880989666233,-73.839442778397
16949,10065,1,1149,1 AVENUE,40.761962134319,-73.960252193945
3434,11203,3,4324,CHURCH AVENUE,40.651419721938,-73.936832188809
10240,10012,1,69,THOMPSON STREET,40.724352007366,-74.003073830174
9344,10013,1,81,HUDSON STREET,40.718513586926,-74.00885271823
2161,11209,3,7319,5 AVENUE,40.630794248541,-74.022088182803
10135,10009,1,12,1 AVENUE,40.723357851029,-73.988347038953
4919,11420,4,11445,LEFFERTS BLVD,40.677931261106,-73.820090140859
18041,11103,4,2512,STEINWAY STREET,40.767578504673,-73.912003004071
20479,10451,2,632,WALTON AVENUE,40.821331472276,-73.927370260806
20778,10451,2,1,EAST  161 STREET,40.829028434834,-73.928496459645
2795,11218,3,1118,CORTELYOU ROAD,40.639745295786,-73.967668576794
10544,10012,1,192,MERCER STREET,40.726339223675,-73.997135335426
5626,11419,4,11105,LIBERTY AVE,40.68480703551,-73.830974977951
21035,10461,2,3233,EAST TREMONT AVENUE,40.835816181281,-73.833217126245
17226,10019,1,311,WEST   51 STREET,40.7631374512,-73.986170507874
12235,10003,1,239,PARK AVENUE SOUTH,40.737924286365,-73.988016106288
3498,11239,3,448,GATEWAY DRIVE,40.652787375036,-73.876959313735
15174,11377,4,6911,NORTHERN BLVD,40.754306338769,-73.897283372662
5127,11217,3,263,FLATBUSH AVENUE,40.679936058477,-73.974445138877
9021,11249,3,103,NORTH    3 STREET,40.716792178083,-73.962075706378
20554,10451,2,3240,3 AVENUE,40.823843412413,-73.908824574067
22426,10468,2,250,BEDFORD PARK BLVD WEST,40.875021689755,-73.892858229156
12629,11373,4,83-05,BROADWAY,40.740999294431,-73.879881212866
13828,10001,1,236,9 AVENUE,40.747358659306,-74.000678498132
820,10305,5,1201,HYLAN BOULEVARD,40.598095023382,-74.083123962959
16249,10036,1,358,WEST   44 STREET,40.759193669729,-73.990452406045
2713,10301,5,3,CORSON AVENUE,40.63825413729,-74.079030603954
12007,11101,4,52-50,VAN DAM STREET,40.735876279729,-73.936621911316
12752,10011,1,76,9 AVENUE,40.741907469119,-74.004658878425
12984,11373,4,4206,77TH ST,40.743164819528,-73.887924934808
20486,10451,2,610,EXTERIOR STREET,40.821737103048,-73.930860054782
16215,11354,4,135-02,ROOSEVELT AVENUE,40.759037589792,-73.831612499712
9926,10012,1,212,LAFAYETTE STREET,40.721774687105,-73.997590095253
3157,11232,3,4222,8 AVENUE,40.645426063739,-73.999239661964
15765,10017,1,422,MADISON AVENUE,40.756918956059,-73.976285239113
733,11229,3,3682A,NOSTRAND AVENUE,40.594291852423,-73.940717614927
1084,11223,3,1869,EAST    3 STREET,40.604947584235,-73.970109171348
18550,10028,1,1588,YORK AVENUE,40.7743965772,-73.948225375305
1708,11228,3,1272,BAY RIDGE PARKWAY,40.620736454628,-74.008173300473
7153,11201,3,80,FRONT STREET,40.702500453669,-73.989403824533
9381,11375,4,109-32,ASCAN AVENUE,40.718748570733,-73.840293278717
4963,11233,3,2017,FULTON STREET,40.678454686599,-73.914039072106
3821,11225,3,363,LINCOLN ROAD,40.661598505715,-73.950292064313
6884,11221,3,187,SUYDAM STREET,40.700012129513,-73.925800690435
18824,10028,1,322,EAST   86 STREET,40.777554272404,-73.951021184625
0,null,1,2115,FREDERICK DOUGLASS BOULEVARD,0,0
10831,10009,1,134,1 AVENUE,40.727669518523,-73.98521817883
837,11229,3,1217,AVENUE U,40.598485863559,-73.95956847892
7803,11237,3,1237,FLUSHING AVENUE,40.708000639734,-73.923486958272
16848,11355,4,4149,150 STREET,40.761515405866,-73.813409158444
13984,11101,4,21-50,44 DRIVE,40.748013369495,-73.946939475755
8381,11211,3,296,GRAND STREET,40.712978079064,-73.957471536068
5284,11216,3,516,NOSTRAND AVENUE,40.681228919588,-73.949758192038
11158,10014,1,10,DOWNING STREET,40.729589027438,-74.002825116086
18983,11360,4,2390,BELL BOULEVARD,40.779911255442,-73.775353595063
22364,10467,2,727,BURKE AVENUE,40.871419633272,-73.865785363035
20304,10030,1,300,WEST  135 STREET,40.816516772708,-73.946620913128
9699,10002,1,152,STANTON STREET,40.720530409068,-73.985443437944
1445,10305,5,1189,BAY STREET,40.614377077489,-74.066338239826
12822,11373,4,9462,CORONA AVE,40.742286201217,-73.869474827199
2676,11218,3,805,CONEY ISLAND AVENUE,40.637769243149,-73.968350520581
14753,10018,1,107,WEST   37 STREET,40.751930690046,-73.986941620315
19306,10029,1,1504,LEXINGTON AVENUE,40.786633639113,-73.950375302618
0,null,4,000,126TH ST  & ROOSEVELT AVENUE,0,0
12320,10011,1,574,6 AVENUE,40.738808648069,-73.99576715008
5040,11413,4,134-41,SPRINGFIELD BOULEVARD,40.679136829986,-73.753946965123
6257,11412,4,19009,LINDEN BLVD,40.692043862965,-73.760930930391
6594,11206,3,903,MYRTLE AVENUE,40.695651395805,-73.946847878172
6181,11421,4,7438,JAMAICA AVE,40.691326717266,-73.867032745444
5158,11216,3,1389,FULTON STREET,40.680170220439,-73.945468586833
1244,11214,3,1619,86 STREET,40.609762895048,-74.006781747562
7306,11237,3,354,MELROSE STREET,40.70368330811,-73.928025504583
13752,11372,4,76-18,ROOSEVELT AVENUE,40.747050017419,-73.889322281844
22352,10034,1,5099,BROADWAY,40.87114206339,-73.914168674823
14883,11101,4,3445,48TH ST,40.752629971693,-73.914885018662
19865,10025,1,1024,AMSTERDAM AVENUE,40.803329420525,-73.963611914951
14470,10001,1,151,WEST   34 STREET,40.750509164767,-73.989479170444
6059,11221,3,1346,BROADWAY,40.689846186718,-73.922703753159
20572,10459,2,1011,WESTCHESTER AVENUE,40.824060416604,-73.893103194472
14770,10016,1,5,EAST   40 STREET,40.752001281953,-73.981354432981
4404,11213,3,195,UTICA AVENUE,40.672067960345,-73.930806721015
17579,10019,1,117,WEST   57 STREET,40.764626562701,-73.977914191497
10423,10009,1,157,AVENUE C,40.725681090382,-73.977689029855
8411,11432,4,18118,HILLSIDE AVE,40.713205892595,-73.781448175966
8870,10013,1,78-80,BAYARD ST,40.71570053367,-73.998683331195
3640,11232,3,855,4 AVENUE,40.656866296267,-74.001740789064
13170,11368,4,10409,CORONA AVE,40.744018853318,-73.858493281499
18679,10075,1,1A,EAST   77 STREET,40.775577501812,-73.964443126559
2756,11219,3,4614,NEW UTRECHT AVENUE,40.638937269372,-73.994465567672
20259,10455,2,961,LEGGETT AVENUE,40.815291865115,-73.900212741351
17751,10019,1,800,9 AVENUE,40.76544868973,-73.98750212227
22690,10466,2,3907,DYRE AVENUE,40.889439965331,-73.831277296077
11187,10012,1,240,SULLIVAN STREET,40.729718065704,-73.999660841088
4289,11420,4,13515,LEFFERTS BOULEVARD,40.670260942913,-73.820950841132
13706,10016,1,11,EAST   32 STREET,40.746836141972,-73.984741130165
16073,10022,1,599,LEXINGTON AVENUE,40.758268177392,-73.971054408587
11801,10014,1,14,CHRISTOPHER STREET,40.733939513785,-74.000483512602
15878,10017,1,20,EAST   49 STREET,40.757509172347,-73.97673983586
19041,10128,1,1742,2 AVENUE,40.78082813766,-73.949574425471
0,null,1,2247,ADAM CLAYTON POWELL BOULEVARD,0,0
21421,10033,1,1320,SAINT NICHOLAS AVENUE,40.846187471379,-73.9359995443
19879,10026,1,239,WEST  116 STREET,40.803899675204,-73.954126199879
9526,10002,1,129,RIVINGTON STREET,40.719613829552,-73.986875826118
15845,10018,1,547,9 AVENUE,40.757357634315,-73.993416132521
16699,11354,4,13353,37TH AVE,40.760903124243,-73.832871186863
21010,10456,2,1351,WEBSTER AVENUE,40.835255356069,-73.907959626701
12398,11368,4,54-01,99 STREET,40.739443188018,-73.860621289179
18102,11103,4,2439,STEINWAY STREET,40.76848367892,-73.911229224144
21787,10462,2,790,LYDIG AVENUE,40.854416937911,-73.864232878038
4467,11215,3,357,3 STREET,40.673040136741,-73.983773915023
18517,11105,4,2310,31ST ST,40.774057078823,-73.913247249135
20158,10465,2,500,HUTCHINSON RIVER PARKWAY,40.812003407086,-73.835567392061
4371,11213,3,209,UTICA AVENUE,40.671705667342,-73.930835937715
7995,10006,1,106,LIBERTY STREET,40.70982336275,-74.012000464132
6506,11201,3,327,GOLD STREET,40.694528905214,-73.983271014845
18100,10019,1,893,9 AVENUE,40.768431984928,-73.9853426732
16611,10036,1,604,10 AVENUE,40.760580050424,-73.994762250179
14962,11101,4,42-02,NORTHERN BOULEVARD,40.753068276318,-73.921377667644
16392,11354,4,136-20,ROOSEVELT AVENUE,40.759777908235,-73.829235428489
4515,11213,3,148,UTICA AVENUE,40.673780611026,-73.930657130826
6661,11385,4,913,WYCKOFF AVENUE,40.69694030128,-73.906456352297
22663,10463,2,454,WEST  238 STREET,40.887271122201,-73.905037404907
20273,10455,2,423,EAST  149 STREET,40.815793780282,-73.916989643867
3430,11203,3,4213,CHURCH AVENUE,40.65138734626,-73.937859308837
2453,11220,3,6816,4 AVENUE,40.635128016011,-74.023321828157
19150,10024,1,405,AMSTERDAM AVENUE,40.783397982989,-73.97812460062
18656,10028,1,1420,3 AVENUE,40.775325010202,-73.956543368639
8251,11211,3,795,GRAND STREET,40.711881349934,-73.94146029978
8562,10002,1,19,DIVISION STREET,40.714086567576,-73.996623638233
19399,10029,1,1575,LEXINGTON AVENUE,40.788732693517,-73.948824490922
5409,11231,3,270,SMITH STREET,40.682614864632,-73.993257686691
21049,10032,1,3845,BROADWAY,40.83612090723,-73.943381554249
0,null,1,4648,BOWERY,0,0
18553,10028,1,1580,1 AVENUE,40.77442530508,-73.951146252048
12692,10016,1,378,3 AVENUE,40.741535477197,-73.981180546098
16137,11355,4,136-21,41 AVENUE,40.758671536159,-73.829079451028
17234,10022,1,119,EAST   60 STREET,40.763188856654,-73.968500066847
9345,10013,1,136,MULBERRY STREET,40.718519394966,-73.997694829896
3987,11213,3,387,UTICA AVENUE,40.66496761798,-73.931470144522
1894,11230,3,1319,AVENUE J,40.62500713944,-73.962989032481
8634,10002,1,121,DIVISION STREET,40.71442941923,-73.991786308278
18298,11370,4,77-06,21 AVENUE,40.770520879085,-73.892644310003
3882,11212,3,85,DUMONT AVENUE,40.66300349881,-73.916629035213
11451,10003,1,192,2 AVENUE,40.731287180283,-73.985697258364
4688,11238,3,667,FRANKLIN AVENUE,40.675643182321,-73.956157929789
4808,11238,3,681,WASHINGTON AVENUE,40.676886421168,-73.963583830873
8490,10002,1,89,EAST BROADWAY,40.713748839149,-73.993727069175
11257,10003,1,11,WAVERLY PLACE,40.730033566227,-73.994172933544
20236,10027,1,3163,BROADWAY,40.814647218976,-73.959057318676
14607,10018,1,63,WEST   37 STREET,40.751148206248,-73.985079407093
2122,10310,5,604,FOREST AVENUE,40.630005781724,-74.109402065029
2759,11220,3,5603,7 AVENUE,40.638980926117,-74.009494296081
5411,11233,3,373,LEWIS AVENUE,40.682646024762,-73.934974498019
18578,11105,4,3516,DITMARS BLVD,40.774715056089,-73.908722403566
14052,10001,1,360,7 AVENUE,40.748373980278,-73.992536406355
1984,11210,3,2923,AVENUE J,40.626700138021,-73.947565858869
16669,10065,1,1111,1 AVENUE,40.760760235711,-73.961144525151
18474,11102,4,1801,26TH RD,40.773215793475,-73.927029402052
19551,10025,1,722,AMSTERDAM AVENUE,40.793538197266,-73.970750090651
21302,10457,2,1735,WASHINGTON AVENUE,40.843148281661,-73.900253922366
19805,10025,1,1000,COLUMBUS AVENUE,40.801388139429,-73.961333824905
19627,10029,1,1280,5 AVENUE,40.79629757504,-73.949613226314
4744,11215,3,262,4 AVENUE,40.676240555956,-73.983845236743
6056,11201,3,395,FLATBUSH AVENUE EXTENSION,40.689815842146,-73.98140434252
6626,11435,4,147-01,LIBERTY AVENUE,40.696199622634,-73.804458000825
5508,11238,3,903,FULTON STREET,40.683554571653,-73.96719655849
16072,10036,1,1535,BROADWAY,40.75825992874,-73.985467647469
846,10305,5,1115,HYLAN BOULEVARD,40.598563936756,-74.079894487388
16455,11369,4,9017,31ST AVE,40.76004084826,-73.878348704814
2255,11219,3,1305,53 STREET,40.632547395415,-73.994051777664
9458,11375,4,13,STATION SQUARE,40.719208052264,-73.845100981906
3069,11220,3,5223,5 AVENUE,40.643800563168,-74.01165342693
5705,11434,4,11414,SUTPHIN BOULEVARD,40.685860198436,-73.793592009741
12333,11004,4,26805,HILLSIDE AVENUE,40.738915701818,-73.700928057808
14269,10016,1,7,EAST   36 STREET,40.749506564548,-73.983098353126
4343,11216,3,806,NOSTRAND AVENUE,40.671133908499,-73.950393077128
21008,10452,2,86,EAST  167 STREET,40.8351955943,-73.919773279133
742,11223,3,2556,CONEY ISLAND AVENUE,40.594632654194,-73.960928302463
2259,11204,3,4602,16 AVENUE,40.63262326755,-73.983866644365
19955,10454,2,613,EAST  138 STREET,40.806128690929,-73.915838604999
20131,10027,1,1268,AMSTERDAM AVENUE,40.810944195356,-73.958051719524
11121,10012,1,95,MACDOUGAL STREET,40.729391434692,-74.001006647563
0,null,1,3739,CLINTON STREET,0,0
17131,11358,4,3715,FRANCIS LEWIS BOULEVARD,40.762655128399,-73.785505235418
3122,11203,3,5722,CLARENDON ROAD,40.644856426709,-73.922561485745
16818,11354,4,3712,MAIN ST,40.761358818125,-73.831039869992
22263,10034,1,4926,BROADWAY,40.867494224968,-73.921726346618
8486,11211,3,289,MANHATTAN AVENUE,40.713739031606,-73.945978491045
5912,11217,3,590,FULTON STREET,40.688083458079,-73.97890960556
830,11214,3,8774B,BAY PARKWAY,40.598295353666,-73.997608972912
22023,10468,2,2467,GRAND CONCOURSE,40.86172225875,-73.897543430151
7534,11385,4,6402,68TH AVE,40.705765163664,-73.894299911482
8754,10013,1,28,BOWERY,40.714970389858,-73.99686167325
9582,10013,1,164,MULBERRY STREET,40.719823145948,-73.997092326151
12742,10011,1,75,9 AVENUE,40.741869040229,-74.004713006739
2452,11236,3,7911,FLATLANDS AVENUE,40.635119978114,-73.913886137614
5499,11233,3,435,HALSEY STREET,40.683447848897,-73.935593869677
15342,10017,1,6,EAST   45 STREET,40.75521225579,-73.979061523713
13991,11372,4,86-13,ROOSEVELT AVENUE,40.748053420927,-73.879958671614
17113,10065,1,1164,1 AVENUE,40.762579543827,-73.959789761872
10549,11432,4,80-02,SURREY PLACE,40.726357353477,-73.789446892002
9043,11249,3,212,BEDFORD AVENUE,40.716906302465,-73.958727994707
6128,11201,3,455,ALBEE SQUARE WEST,40.690612141932,-73.983463116646
2482,11226,3,4,NEWKIRK PLAZA,40.635461959982,-73.962806666785
7969,10038,1,9,MAIDEN LANE,40.709598521487,-74.009554890835
16163,10036,1,592,9 AVENUE,40.758782098419,-73.992354752911
13771,11372,4,7301,37TH RD,40.747154383272,-73.892274289694
17365,11354,4,15722,NORTHERN BLVD,40.763691248051,-73.807959265524
22182,10467,2,767,ALLERTON AVENUE,40.865484349384,-73.864781440385
16004,11358,4,19519,NORTHERN BLVD,40.757952289569,-73.786412013969
0,null,1,2546,FREDERICK DOUGLASS BOULEVARD,0,0
19329,11357,4,153-27,CROSS ISLAND PARKWAY,40.786934576832,-73.808372253703
53,10309,5,4864,ARTHUR KILL ROAD,40.523565303537,-74.239205152461
19587,10025,1,2567,BROADWAY,40.794927250924,-73.971587374188
3158,11219,3,3901,NEW UTRECHT AVENUE,40.645434167416,-73.994475837193
2339,11219,3,5115,13 AVENUE,40.633752320524,-73.993421168472
13446,10001,1,165,WEST   26 STREET,40.745538680041,-73.993153852872
20060,10027,1,1207,AMSTERDAM AVENUE,40.808965743978,-73.959472639147
16841,11361,4,22006,NORTHERN BLVD,40.761468620827,-73.761474940957
19167,10128,1,1670,3 AVENUE,40.783606229458,-73.950496730836
2311,11209,3,7205,3 AVENUE,40.633384273684,-74.026988912857
9681,11375,4,7049,AUSTIN STREET,40.720432785979,-73.845520210667
3291,11226,3,1617,CHURCH AVENUE,40.648818655922,-73.964665899557
19786,10025,1,953,AMSTERDAM AVENUE,40.800928298588,-73.965332520076
973,11214,3,2202,86 STREET,40.60184421269,-73.993665600805
6776,11435,4,94-02,SUTPHIN BOULEVARD,40.698904597637,-73.806884362129
6300,11221,3,1185,BROADWAY,40.692514400408,-73.927348851405
244,10306,5,278,NEW DORP LANE,40.572153175602,-74.112942474015
1252,11234,3,5102,AVENUE U,40.609969984731,-73.922220342178
14385,10018,1,16,WEST   36 STREET,40.750020014447,-73.984365043628
21866,10453,2,2195,GRAND CONCOURSE,40.855714341269,-73.901019445694
3815,11225,3,1082,NOSTRAND AVENUE,40.661450474514,-73.95072469913
9532,10013,1,239,WEST BROADWAY,40.71964461807,-74.005959633107
19110,10024,1,380,AMSTERDAM AVENUE,40.782566441625,-73.97875679084
6147,11201,3,445,GOLD ST,40.690826232689,-73.98345224546
6060,11201,3,80,DEKALB AVENUE,40.68985672822,-73.979720371884
1190,11223,3,1828,MCDONALD AVENUE,40.608030664078,-73.972859310032
12210,10014,1,24,8 AVENUE,40.737669554092,-74.004673014982
16419,10022,1,940,3 AVENUE,40.759881205663,-73.967718329198
5160,11417,4,9304,LIBERTY AVE,40.680186391041,-73.845707539922
6150,11205,3,525,DEKALB AVENUE,40.690860096506,-73.955848590693
21888,10453,2,2233,GRAND CONCOURSE,40.856131293851,-73.90073324095
20196,10465,2,2680,SCHURZ AVENUE,40.813236109247,-73.822855117548
21799,10462,2,736,LYDIG AVENUE,40.854454950943,-73.866220978931
21566,10033,1,700,WEST  180 STREET,40.849596840283,-73.936737244687
19544,10029,1,2146,2 AVENUE,40.793370010398,-73.940413253622
10516,10009,1,171,AVENUE C,40.726197029974,-73.97729920517
5422,11216,3,1185,BEDFORD AVENUE,40.682732002865,-73.9537772123
22494,10467,2,332,EAST GUN HILL ROAD,40.878814163531,-73.873245063337
16920,10019,1,1320,AVENUE OF THE AMERICAS,40.761854557498,-73.978980011477
3199,11236,3,1370,ROCKAWAY PARKWAY,40.646327023346,-73.903666367883
3550,11414,4,161-50,CROSSBAY BOULEVARD,40.654974365702,-73.838849957521
14482,10001,1,340,9 AVENUE,40.750537083057,-73.99836502992
19208,10024,1,472,COLUMBUS AVENUE,40.784291863123,-73.973783832856
2419,11209,3,7003,3 AVENUE,40.634715623379,-74.026431001172
17505,11354,4,15517,NORTHERN BLVD,40.76429542641,-73.809805817569
22338,10468,2,2701,SEDGWICK AVENUE,40.869953129347,-73.903214602108
4476,11208,3,507,PINE STREET,40.673193085105,-73.870403669679
21110,10032,1,3892,BROADWAY,40.837553125871,-73.942306988991
16657,11106,4,3420,BROADWAY,40.760727102605,-73.922769179643
3719,11212,3,345,EAST   98 STREET,40.659564460566,-73.916864022863
4801,11420,4,114-46,ROCKAWAY BOULEVARD,40.676777854118,-73.823233398682
20746,10031,1,3600,BROADWAY,40.828432766425,-73.948970898181
6730,11433,4,150-19,LIBERTY AVENUE,40.698026184674,-73.802007510124
14850,11377,4,6910,34 AVENUE,40.752475199788,-73.896856698781
3508,11226,3,1376,NOSTRAND AVENUE,40.653158110377,-73.949837075874
8857,10013,1,178,CHURCH STREET,40.715601489743,-74.007416621995
18649,10028,1,1418,THIRD AVENUE,40.775281106431,-73.95657589237
11194,10012,1,118,MACDOUGAL STREET,40.729748256599,-74.000681926208
18230,11354,4,3027,STRATTON STREET,40.769658810731,-73.834693968308
14330,10001,1,157,WEST   33 STREET,40.749784577872,-73.98981132846
11380,10003,1,1,UNIVERSITY PLACE,40.730777456829,-73.995486227972
8756,11375,4,118-12,QUEENS BOULEVARD,40.714973720179,-73.83205611952
5802,11201,3,142,SMITH STREET,40.686918462552,-73.990343804873
2409,11209,3,7026,3 AVENUE,40.634636010542,-74.026492219041
14713,10017,1,219,EAST   44 STREET,40.751801968329,-73.97287630343
1250,11234,3,5100,KINGS PLAZA SHOPPING CT,40.609928854538,-73.922281617072
19062,10023,1,2144,BROADWAY,40.781276835876,-73.981212601038
16448,10036,1,305,WEST   46 STREET,40.760005931921,-73.98842723593
13380,10016,1,630,1 AVENUE,40.745208950706,-73.972453145906
22639,10463,2,3533,JOHNSON AVENUE,40.886028908603,-73.909870952705
5587,11233,3,256,MALCOLM X BOULEVARD,40.684374657127,-73.929362473995
4886,11213,3,1720,ATLANTIC AVENUE,40.677592263741,-73.933876240094
1564,11209,3,9413,3 AVENUE,40.617778497392,-74.033365322226
3304,11220,3,4704,3 AVENUE,40.649257048332,-74.012948113952
5849,11201,3,128,SMITH STREET,40.687267028868,-73.990109379303
9630,10002,1,98,RIVINGTON STREET,40.720110803137,-73.988463050518
18355,10021,1,1291,3 AVENUE,40.771192500921,-73.959531818288
19391,11357,4,149-45,14 AVENUE,40.788534746783,-73.815052112652
1172,11214,3,8515,18 AVENUE,40.607666060032,-74.002114052204
19077,11356,4,13811,20 AVENUE,40.781662983835,-73.829973484923
15253,11372,4,7310,NORTHERN BOULEVARD,40.754687183303,-73.893528971987
5818,11419,4,121-15,LIBERTY AVENUE,40.687063452993,-73.822044970996
2199,11209,3,7216,5 AVENUE,40.631499708838,-74.021821814207
6739,11237,3,226,WILSON AVENUE,40.698200356744,-73.921348856751
1153,11223,3,902,KINGS HIGHWAY,40.606795672257,-73.963557385168
6258,11205,3,200,WILLOUGHBY AVENUE,40.69204867494,-73.963957756723
3218,11218,3,1021,CHURCH AVENUE,40.646714938618,-73.970032730585
7598,10006,1,47,BROADWAY,40.706436231226,-74.0127897431
10301,11222,3,142,NASSAU AVENUE,40.724792990358,-73.947654341651
8560,11211,3,287,BEDFORD AVENUE,40.714085658803,-73.961543383051
13533,10011,1,360,WEST   23 STREET,40.745972556589,-74.000137140375
7104,11237,3,178,WYCKOFF AVENUE,40.702135144446,-73.91577203594
3432,11226,3,1429,NOSTRAND AVENUE,40.651390379139,-73.949625784635
20127,10027,1,351,WEST  125 STREET,40.810857068175,-73.952795602284
11288,10003,1,201,FIRST AVENUE,40.730191710925,-73.983409959419
7253,11201,3,85,WATER STREET,40.703263653864,-73.991225054059
11348,10003,1,345,EAST   12 STREET,40.730548723387,-73.984802604029
12394,10014,1,32,GANSEVOORT STREET,40.739401446475,-74.0058387147
2766,11220,3,811,53 STREET,40.639178833592,-74.005026407001
2184,11236,3,1866,RALPH AVENUE,40.631195582958,-73.9185207266
3425,11203,3,907,NEW YORK AVENUE,40.651331418124,-73.946706736237
8142,11211,3,508,GRAND STREET,40.710985387646,-73.950648262141
9534,10013,1,343,BROOME STREET,40.719650143157,-73.99476908673
1191,10314,5,1650,RICHMOND AVENUE,40.608078102502,-74.162260908042
536,10305,5,1750,HYLAN BOULEVARD,40.586274422657,-74.092297147357
5519,11238,3,895,FULTON STREET,40.683623276266,-73.967495786883
441,11235,3,271,NEPTUNE AVENUE,40.581233405078,-73.963369785858
13777,10011,1,461,WEST   23 STREET,40.747185703077,-74.002963008056
11828,11375,4,63-27,108 STREET,40.734187599668,-73.850240359111
22782,10470,2,4653,WHITE PLAINS ROAD,40.902792741807,-73.850926147492
18706,11354,4,2527,PARSONS BOULEVARD,40.775926340086,-73.824438705866
6791,11237,3,298,IRVING AVENUE,40.699032558055,-73.914430780565
18906,11105,4,19-33,37 STREET,40.778579367406,-73.901705041774
2951,11203,3,1250,UTICA AVENUE,40.641775666002,-73.929328471232
18600,11105,4,2914,23RD AVE,40.774935745595,-73.913704637949
17712,10019,1,1428,6 AVENUE,40.765213667817,-73.976538584534
3481,11203,3,5424,CHURCH AVENUE,40.652393281155,-73.926243073774
16425,11354,4,13637,ROOSEVELT AVE,40.759900782138,-73.828805555368
0,null,1,2801,FREDERICK DOUGLASS BOULEVARD,0,0
17941,10021,1,1315,1 AVENUE,40.766890423263,-73.95667163668
15474,10036,1,5,TIMES SQUARE,40.755702020307,-73.987207980138
9950,10002,1,245,EAST HOUSTON STREET,40.721932978718,-73.98539262331
6764,11237,3,1412,MYRTLE AVENUE,40.698750262888,-73.918776847566
17665,11361,4,3913,BELL BOULEVARD,40.765068694231,-73.771750523467
0,null,2,360,SMITH STREET,0,0
22105,10467,2,2515,BOSTON ROAD,40.863596229165,-73.864998601074
14383,10121,1,2,PENN PLAZA,40.750009774218,-73.991345194031
7812,11415,4,125-02,84 ROAD,40.708074116537,-73.827027510395
19423,10029,1,1872,3 AVENUE,40.789708549853,-73.946039396454
15136,10017,1,308,EAST   49 STREET,40.754026849301,-73.968493587883
5736,11217,3,112,BOND STREET,40.686152142972,-73.98536443467
475,11235,3,1825,EMMONS AVENUE,40.583479132328,-73.950138024189
9581,10013,1,247,WEST BROADWAY,40.71982303519,-74.005818955227
17816,10019,1,940,8 AVENUE,40.765774816765,-73.983545463069
6808,11237,3,1533,MYRTLE AVENUE,40.699254603923,-73.914055426764
22702,10471,2,6007,BROADWAY,40.890728652308,-73.897683010135
16707,11354,4,136-20,38 AVENUE,40.760954215526,-73.830279236955
1386,10314,5,961,JEWETT AVENUE,40.612990430444,-74.130743216476
21582,10453,2,1749,UNIVERSITY AVENUE,40.850116007472,-73.915967080475
22195,10458,2,2900,SOUTHERN BOULEVARD,40.865677571305,-73.88331039318
3131,11236,3,1431,ROCKAWAY PARKWAY,40.645005511141,-73.90216563321
14687,10017,1,125,PARK AVE FRNT 1,40.751673998894,-73.97767668145
15568,11355,4,4108,COLLEGE POINT BLVD,40.756040453799,-73.833594508216
4858,11216,3,618,NOSTRAND AVENUE,40.677323126922,-73.949811619041
11696,10003,1,72,UNIVERSITY PLACE,40.733124134612,-73.993483484828
17323,11354,4,3610,UNION ST,40.763481578201,-73.828056283075
4525,11417,4,96-27,LINDEN BOULEVARD,40.673972190265,-73.839694324674
6943,11206,3,727,FLUSHING AVENUE,40.700540953161,-73.94344665211
4010,11413,4,23006,S CONDUIT AVE,40.665444572668,-73.747066025894
15674,10022,1,316,EAST   53 STREET,40.756482854135,-73.966532447413
899,11214,3,2369,86 STREET,40.599571260841,-73.98992076323
5074,11231,3,363,SMITH STREET,40.679521606288,-73.995331075305
937,10314,5,1949,RICHMOND AVENUE,40.600402721596,-74.16292638555
10227,10012,1,285,MOTT STREET,40.72415703468,-73.99442599334
3046,11218,3,223,CHURCH AVENUE,40.643381848671,-73.97806257985
10798,10003,1,103,2 AVENUE,40.727485993519,-73.988483416489
18101,11362,4,250-01,NORTHERN BOULEVARD,40.768459306778,-73.737474499503
14505,10001,1,513,WEST   27 STREET,40.750638602074,-74.003345738593
7994,10038,1,80,NASSAU STREET,40.709815468922,-74.008119339196
21162,10452,2,140,EAST  170 STREET,40.839081270359,-73.914748688599
18783,10028,1,1631,2 AVENUE,40.776948272526,-73.952426172216
8677,11249,3,167,GRAND STREET,40.714631887068,-73.961600782745
4163,11225,3,827,NOSTRAND AVENUE,40.668389233062,-73.95062943466
18881,10023,1,166,WEST   72 STREET,40.77821635677,-73.980736853923
930,11223,3,1901,STILLWELL AVENUE,40.600262524963,-73.985919890873
13749,11372,4,76-04,ROOSEVELT AVENUE,40.747039121901,-73.889408916451
5013,11238,3,621,WASHINGTON AVENUE,40.67896708739,-73.963982880562
7665,10038,1,133,JOHN STREET,40.70707086897,-74.005190247084
20206,10454,2,2706,3 AVENUE,40.813670229536,-73.922169221528
2703,10301,5,19,CORSON AVENUE,40.638207241841,-74.079369240348
19302,10024,1,502,AMSTERDAM AVENUE,40.786548503077,-73.975852138569
1396,10314,5,1447,RICHMOND AVENUE,40.613084145792,-74.158667770005
15902,11106,4,2817,36TH AVE,40.757609367953,-73.93193395146
6148,11201,3,23,SMITH STREET,40.690848721459,-73.98766400364
22536,10467,2,3424,KOSSUTH AVENUE,40.880456223611,-73.881638943574
17645,10019,1,788,9 AVENUE,40.764984861451,-73.987834328857
15812,11106,4,2914,36TH AVE,40.757224636692,-73.931154678924
8484,10002,1,88,EAST BROADWAY,40.713737879423,-73.994091397933
9009,10002,1,67A,ELDRIDGE STREET,40.716707639714,-73.992713119637
0,null,1,226,WEST 52 ND STREET,0,0
9609,10002,1,129,ALLEN STREET,40.719959983959,-73.98998545998
20230,10027,1,3155,BROADWAY,40.814529225873,-73.959144096096
18664,10028,1,205,EAST   81 STREET,40.775431820218,-73.955925892838
13367,10016,1,27-39,EAST 30 STREET,40.745120632959,-73.984496118648
18663,10028,1,1584,2 AVENUE,40.775430865883,-73.953506818016
99,10312,5,26,JEFFERSON BOULEVARD,40.541375418324,-74.177997323014
9693,11375,4,7030,AUSTIN STREET,40.720490712496,-73.845732922968
1262,10305,5,1372,BAY STREET,40.610160088177,-74.063251074004
4460,11238,3,791A,WASHINGTON AVENUE,40.67295290953,-73.962814518795
3373,11226,3,2701,CHURCH AVENUE,40.650677883935,-73.952307539313
14665,11368,4,9607,37TH AVE,40.751592309972,-73.87067284564
15220,10169,1,230,PARK AVENUE,40.75450075314,-73.975950427165
733,11229,3,3682B,NOSTRAND AVENUE,40.594291852423,-73.940717614927
12555,10010,1,5,WEST   21 STREET,40.740504643605,-73.991086609991
1417,11204,3,2229,65 STREET,40.613250048596,-73.980446076205
0,null,1,342344,WEST 11 STREET,0,0
1710,11209,3,8703,5 AVENUE,40.620750070624,-74.026836096018
18648,11105,4,3302,DITMARS BLVD,40.775278359405,-73.909515950248
22346,10468,2,108,EAST  198 STREET,40.870601634501,-73.891744495974
19842,10026,1,139,WEST  116 STREET,40.802525955612,-73.950872706011
6309,11221,3,167,MARCUS GARVEY BOULEVARD,40.692565603329,-73.939937538115
22732,10466,2,4220,WHITE PLAINS ROAD,40.893998172602,-73.857029791332
13863,10001,1,12,WEST   32 STREET,40.747467631286,-73.986278435409
2510,11220,3,732,61 STREET,40.635725427053,-74.011536716236
22544,10467,2,179,EAST GUN HILL ROAD,40.880869664297,-73.878043591196
12147,10011,1,525,6 AVENUE,40.737205743859,-73.996958050887
4900,11215,3,604,UNION STREET,40.677766673033,-73.983999891476
14216,11372,4,7707,37 AVENUE,40.749278255812,-73.88879524033
4987,11208,3,1148,LIBERTY AVENUE,40.678722476786,-73.866841654682
355,10314,5,280,MARSH AVENUE,40.577141721981,-74.164064560974
4552,11208,3,1039,BELMONT AVENUE,40.67425029496,-73.870819794989
2598,11220,3,6001,7 AVENUE,40.636724496523,-74.011843146845
12448,10014,1,304,WEST   14 STREET,40.739859935901,-74.002818336019
0,null,1,8789,GREENWICH STREET,0,0
22643,10463,2,3549,JOHNSON AVENUE,40.886141413758,-73.909834633612
796,11223,3,287,AVENUE U,40.596941895616,-73.973584008937
7234,11432,4,155-10,JAMAICA AVENUE,40.703118600102,-73.800913942737
9887,10009,1,274,EAST    3 STREET,40.721471071064,-73.980154452848
2527,11218,3,416,DITMAS AVENUE,40.63589066551,-73.974789942211
2098,10310,5,676,FOREST AVENUE,40.629547764266,-74.111869119763
22313,10458,2,240,EAST  198 STREET,40.869306788352,-73.889559125976
6239,11207,3,839,KNICKERBOCKER AVENUE,40.691903446014,-73.906218236603
18253,10021,1,1444,1 AVENUE,40.76983745024,-73.954496337861
20963,10452,2,80,WEST  165 STREET,40.833940657613,-73.927125163086
10190,11378,4,6554,GRAND AVENUE,40.723824754703,-73.899289545924
17841,10065,1,28,EAST   63 STREET,40.765969522515,-73.969336277115
9427,10002,1,103,ESSEX STREET,40.719029313533,-73.987965404456
13462,11109,4,47-20,CENTER BOULEVARD,40.745607740454,-73.957161911357
20559,10451,2,424,EAST  161 STREET,40.823909742434,-73.912950759917
8257,10038,1,27,SAINT JAMES PLACE,40.711890801265,-73.999570754526
12481,10016,1,440,EAST   29 STREET,40.740008051329,-73.9742884901
12549,11101,4,30-18,HUNTERS POINT AVENUE,40.740477061985,-73.937638768593
21726,10453,2,2,EAST BURNSIDE AVENUE,40.853751527361,-73.907203737249
19917,10025,1,2867,BROADWAY,40.805064848224,-73.966052792085
22756,10466,2,4386,WHITE PLAINS ROAD,40.898018912086,-73.854619255784
0,null,3,19421944,CONEY ISLAND AVENUE,0,0
6411,11221,3,1142,BROADWAY,40.693407459248,-73.928956196135
7687,11432,4,17003,JAMAICA AVE,40.707256447864,-73.789442533264
2860,11226,3,1310,CORTELYOU ROAD,40.640505109754,-73.965974688516
10273,10009,1,93,AVENUE B,40.724567402907,-73.981560566776
19503,10025,1,721,COLUMBUS AVENUE,40.7923270003,-73.967897555661
20592,10031,1,3477,BROADWAY,40.824363606922,-73.951965781681
20800,10472,2,1619,WESTCHESTER AVENUE,40.829462733825,-73.874745096359
9035,11429,4,97-15,SPRINGFIELD BOULEVARD,40.716869311162,-73.735431083077
19241,10024,1,2252,BROADWAY,40.784916023812,-73.979160478858
8894,10013,1,14,ELIZABETH STREET,40.715835005553,-73.997406337566
80,10312,5,4263,HYLAN BOULEVARD,40.536467520156,-74.151455449488
5011,11233,3,17,MACDOUGAL STREET,40.67896240843,-73.921609583997
18296,11357,4,3050,WHITESTONE EXPRESSWAY,40.770475360227,-73.835637831369
9893,11375,4,69-12,AUSTIN STREET,40.721515486206,-73.848522849915
3529,11226,3,763A,FLATBUSH AVENUE,40.654183012808,-73.959559821725
3250,11218,3,622,CATON AVENUE,40.647695862684,-73.974302579248
8981,10013,1,79,BAXTER STREET,40.716482800206,-73.999953104394
1385,11204,3,7111,20 AVENUE,40.612987738798,-73.989515334813
17027,10019,1,43,WEST   55 STREET,40.762279485776,-73.976362739705
1487,11204,3,7102,18 AVENUE,40.615598338935,-73.99375073575
12749,10011,1,150,8TH AVE,40.741899325529,-74.000945488766
4099,11436,4,14511,NORTH CONDUIT AVENUE,40.667218582039,-73.794122133857
8524,10007,1,130,CHURCH STREET,40.714012180926,-74.008668149838
974,11691,4,713,BEACH   20 STREET,40.601976882543,-73.753440163993
14637,11101,4,41-26,27 STREET,40.75141003094,-73.938714879837
15108,10018,1,221,WEST   38 STREET,40.753866018844,-73.989612185526
7999,11211,3,317,UNION AVENUE,40.70983819953,-73.95094128127
1841,11219,3,6410,NEW UTRECHT AVENUE,40.624329642385,-73.997546796642
14312,11377,4,64-01,BROADWAY,40.749709982479,-73.898542866596
3907,11215,3,435,7 AVENUE,40.663466443174,-73.984421454072
14458,10016,1,114,EAST   40 STREET,40.750458082592,-73.977742056099
1335,10314,5,1120,SOUTH AVENUE,40.612395360725,-74.175489735137
13257,10016,1,29,EAST   29 STREET,40.744481156357,-73.984893244416
4735,11215,3,702,UNION STREET,40.676179547114,-73.979901200015
22244,10034,1,3950,10 AVENUE,40.867117614101,-73.916983178547
16894,11358,4,40-36,162 STREET,40.76173544083,-73.803806409638
423,11694,4,214,BEACH  116 STREET,40.580143851866,-73.837386023063
17088,10019,1,253,WEST   51 STREET,40.762484001304,-73.984618406252
11071,10003,1,11,ST MARKS PLACE,40.729223493268,-73.989128955409
11038,10009,1,224,AVENUE B,40.729062760323,-73.978304867787
16319,10022,1,16,EAST   52 STREET,40.759397285575,-73.975392760508
21993,10040,1,121A,NAGLE AVENUE,40.860745675104,-73.927023373399
2861,11220,3,5807,5 AVENUE,40.640506425224,-74.015083125468
18123,11354,4,13348,WHITESTONE EXPRESSWAY,40.768638982005,-73.835544905646
13954,10001,1,34,WEST   32 STREET,40.747819056202,-73.987101227901
13713,11368,4,45-10,104 STREET,40.746861740153,-73.860169018499
7260,11201,3,33,MAIN STREET,40.703332228404,-73.990658802524
13053,10016,1,438,3 AVENUE,40.743459318157,-73.979783386973
3061,10301,5,97,STUYVESANT PLACE,40.643648725944,-74.077433503825
9141,11428,4,216-06,JAMAICA AVENUE,40.717552014212,-73.738696693074
20821,10031,1,3662,BROADWAY,40.830402842925,-73.947534800065
15481,11358,4,45-15,162 STREET,40.755733998712,-73.804603805537
8588,10002,1,51,DIVISION STREET,40.714166118215,-73.995274530753
18012,11102,4,2855,31ST ST,40.767513589082,-73.920858740729
12100,10014,1,753,WASHINGTON STREET,40.736834944495,-74.008248940491
15449,10017,1,145,EAST   49 STREET,40.755633503809,-73.97225029671
6768,11237,3,1439,MYRTLE AVENUE,40.698821244991,-73.91823940767
12277,10014,1,628,HUDSON STREET,40.738369429924,-74.005546331865
6199,11419,4,125-17,101 AVENUE,40.691461225686,-73.820691755256
9544,10002,1,123,LUDLOW STREET,40.719682629514,-73.988564135711
2275,11234,3,4918,AVENUE H,40.632789094307,-73.929082224741
1279,11204,3,89,AVENUE O,40.610450596513,-73.981837117982
14955,10017,1,447,LEXINGTON AVENUE,40.753043052802,-73.974864543548
10913,10009,1,268,EAST   10 STREET,40.728344489977,-73.983453717052
3190,11232,3,4111,8 AVENUE,40.646024419738,-73.998583812615
22757,10466,2,724,NEREID AVENUE,40.898052916693,-73.853298884321
14384,11101,4,4344,21ST ST,40.750011222522,-73.946223261177
3651,11225,3,663,FLATBUSH AVENUE,40.657100938838,-73.960203185552
13989,11368,4,4056,JUNCTION BLVD,40.748043910906,-73.868766951506
9839,10002,1,3,CLINTON STREET,40.721164257089,-73.983993040262
301,11224,3,1521,SURF AVENUE,40.575460226458,-73.983020174534
14412,11355,4,4622,KISSENA BLVD,40.750113736361,-73.818598750266
16832,10019,1,805,8 AVENUE,40.761402833182,-73.98675565647
19770,10025,1,2735-2737,BROADWAY,40.800292305005,-73.968049011784
844,10305,5,1110,HYLAN BOULEVARD,40.598555629472,-74.07999890525
11507,10014,1,466,HUDSON STREET,40.731825856707,-74.006588551482
21094,10456,2,320,EAST  170 STREET,40.837282645455,-73.910070961146
16118,11370,4,7563,31 AVENUE,40.758608004366,-73.891984970837
9326,10013,1,345,GREENWICH STREET,40.718414640133,-74.010458024417
202,10312,5,1547,ARTHUR KILL ROAD,40.562507433647,-74.191697713766
12783,11377,4,4558,46 STREET,40.742010676568,-73.918940429966
19740,10025,1,942,COLUMBUS AVENUE,40.799439828364,-73.962725529944
19142,11357,4,1716,154TH ST,40.783190930734,-73.808495010188
6424,11205,3,503,MYRTLE AVENUE,40.693544827188,-73.96476471319
15246,10017,1,3,EAST   44 STREET,40.754649679502,-73.979613943908
3898,11225,3,1028,NOSTRAND AVENUE,40.663333478735,-73.950925153067
3009,11220,3,5425,5 AVENUE,40.642672332573,-74.012827920755
3176,11232,3,3924,9 AVENUE,40.645763577646,-73.995293807971
7426,11385,4,563,SENECA AVENUE,40.704769263524,-73.910997004665
0,null,4,4408,60TH ST. - STORE,0,0
0,null,3,990,T S BOYLAND ST,0,0
5338,11417,4,10306,LIBERTY AVENUE,40.68171780642,-73.83763493581
20973,10462,2,2172,WESTCHESTER AVENUE,40.834110461731,-73.852374359612
8698,10013,1,11,PELL STREET,40.714731614472,-73.997680532364
21664,10033,1,1506B,SAINT NICHOLAS AVENUE,40.851981915815,-73.931768325255
16178,11106,4,33-02,34 AVENUE,40.758846019409,-73.925525538789
9014,10013,1,135,WEST BROADWAY,40.716751492059,-74.00823201583
3443,11203,3,4601,CHURCH AVENUE,40.651569160637,-73.93412556904
14758,10017,1,700,3 AVENUE,40.751969562918,-73.973580045221
670,11235,3,3790,NOSTRAND AVENUE,40.591178949194,-73.940115495018
21841,10040,1,1609,SAINT NICHOLAS AVENUE,40.855205567018,-73.929433389594
18281,10021,1,1265,3 AVENUE,40.770262268592,-73.960218338739
9945,10002,1,251,EAST HOUSTON STREET,40.721886297351,-73.985233897071
7269,11385,4,666,SENECA AVENUE,40.7034143175,-73.908741060019
22696,10471,2,5987,BROADWAY,40.889930267089,-73.898053157851
17074,10019,1,245,WEST   51 STREET,40.762431833901,-73.984492073505
3274,11430,4,1,JFK INTL AIRPORT BLVD,40.648312826068,-73.788281497594
7220,11385,4,689,SENECA AVENUE,40.703002017028,-73.908009481932
22509,10467,2,295,EAST GUN HILL ROAD,40.879186211627,-73.874622131045
1856,11219,3,6702,13 AVENUE,40.624705668415,-74.002856683209
9735,10012,1,29,KENMARE STREET,40.720682191479,-73.99512615608
20185,10027,1,3111,BROADWAY,40.812816942241,-73.960391497006
10837,10009,1,182,AVENUE B,40.727709774209,-73.979297500196
14630,10001,1,9,PENN PLAZA,40.75132740329,-73.993528617509
2825,11236,3,1206,REMSEN AVENUE,40.640084438484,-73.905826531491
17006,10019,1,1335,AVENUE OF THE AMERICAS,40.762211332142,-73.978741648967
13463,10011,1,318,WEST   23 STREET,40.745612990641,-73.999285430339
14524,11368,4,103-10,39 AVENUE,40.75071045145,-73.862900306292
7424,11237,3,44,IRVING AVENUE,40.704745998502,-73.924478948984
20062,10027,1,3009,BROADWAY,40.809079508098,-73.963121086165
22327,10475,2,2073,BARTOW AVENUE,40.869519165018,-73.82787143194
10692,10003,1,115,1 AVENUE,40.727062983832,-73.985680128834
2097,11219,3,6712,FORT HAMILTON PARKWAY,40.629533261761,-74.010876359244
924,11229,3,2715,AVENUE U,40.600140151979,-73.944511504849
22395,10468,2,25,BEDFORD PARK BLVD EAST,40.872918127244,-73.888808234022
2056,10310,5,819,FOREST AVENUE,40.628936288323,-74.116756828707
12950,10011,1,265,WEST   20 STREET,40.742986249211,-73.998805488905
14567,10017,1,310,EAST   44 STREET,40.750887442742,-73.970758062318
13250,10011,1,220,WEST   23 STREET,40.744435435993,-73.99648134819
19114,10128,1,1644,3 AVENUE,40.782725439365,-73.951140138645
3913,11215,3,434,7 AVENUE,40.663529569146,-73.984392603436
6212,11419,4,12618,101ST AVE,40.691698612542,-73.819793216447
0,null,1,134136,AVENUE C,0,0
16395,11106,4,2106,36TH AVE,40.759788646477,-73.93662072882
22374,10469,2,1296,EAST GUNHILL ROAD,40.871821602783,-73.849079465719
11563,10003,1,98,3 AVENUE,40.732335932686,-73.987887219422
6976,11418,4,124-02,JAMAICA AVENUE,40.700794094229,-73.826447791315
16396,10019,1,142,WEST   49 STREET,40.759791039418,-73.982171647892
15465,11372,4,8328,NORTHERN BLVD,40.755677150961,-73.884110229385
3804,11212,3,790,SARATOGA AVENUE,40.661188292366,-73.915391414772
14331,10001,1,401,7 AVENUE,40.749787459116,-73.99148598045
20417,10455,2,839,WESTCHESTER AVENUE,40.819575062658,-73.901832128863
16752,11358,4,4110,162ND ST,40.761150944561,-73.803887553386
6551,11221,3,664,KNICKERBOCKER AVENUE,40.694990160474,-73.9116736481
1034,11691,4,1933,MOTT AVE,40.603928815289,-73.752345346048
2730,11220,3,5701,7 AVENUE,40.638429175728,-74.010070716239
12345,10011,1,70,7 AVENUE,40.739028305374,-73.999346847084
11346,11222,3,80,KENT STREET,40.730539329819,-73.958091705812
17523,10022,1,14,EAST   60 STREET,40.764372597121,-73.971362201788
10907,11222,3,108,FRANKLIN STREET,40.728285592878,-73.957321017451
22784,10471,2,800,WEST 254 STREET & HUDSON RIVER,40.903121070343,-73.914503439732
20992,10472,2,1715,EAST  174 STREET,40.834610675202,-73.871183014007
1584,11230,3,1620,AVENUE M,40.618127288193,-73.958825326154
3365,11232,3,4009,5 AVENUE,40.650577926881,-74.004602023401
15800,11355,4,4140,MAIN ST,40.757126099985,-73.828989583053
1891,10302,5,1407,FOREST AVENUE,40.6249955834,-74.135929055633
15034,10018,1,1407,BROADWAY,40.753432097521,-73.98715066791
984,11214,3,2174,86 STREET,40.60222851594,-73.994295766742
54,10309,5,6309,AMBOY ROAD,40.523721585008,-74.215840096413
5531,11208,3,3352,FULTON STREET,40.683726451486,-73.871872224103
2968,11220,3,4817,8 AVENUE,40.642074656932,-74.002688073821
22304,10468,2,135,WEST KINGSBRIDGE ROAD,40.869041682468,-73.902980915634
18060,11358,4,32-50,FRANCIS LEWIS BOULEVARD,40.767753886213,-73.790903979727
19324,10029,1,1976,1 AVENUE,40.786901460675,-73.942033264835
17448,11354,4,3520,FARRINGTON ST,40.76410172793,-73.831646576394
14761,10017,1,845,UNITED NATIONS PLZ,40.751976246982,-73.96753810122
1212,11229,3,1681,EAST   16 STREET,40.608714866846,-73.957318519957
9565,10013,1,158,LAFAYETTE STREET,40.719765540703,-73.999325391392
0,null,2,451455,MORRIS PK AVE,0,0
6858,11385,4,323,WYCKOFF AVENUE,40.699820887384,-73.911577062053
16560,11354,4,37-20,PRINCE STREET,40.76043362419,-73.832771296459
1384,11204,3,6610,BAY PARKWAY,40.612945692503,-73.982387502381
17936,10019,1,1000,8 AVENUE,40.766812226924,-73.982808747226
8391,10002,1,26,RUTGERS STREET,40.713043175131,-73.990069468057
16132,11355,4,136-17,41 AVENUE,40.758668791405,-73.829079458098
15067,10018,1,1412,BROADWAY,40.753703816993,-73.98704594334
18366,10021,1,240,EAST   75 STREET,40.771271625335,-73.958210387803
1243,11229,3,1637,EAST   18 STREET,40.609732507974,-73.955545897266
15512,10036,1,124,WEST   43 STREET,40.755838914799,-73.984428643445
9440,10002,1,101,LUDLOW STREET,40.719103513002,-73.98886365769
16476,11358,4,16519,NORTHERN BLVD,40.760094789926,-73.801035374955
1187,11229,3,1223,QUENTIN ROAD,40.607980467607,-73.960679162068
6936,11237,3,293,WYCKOFF AVENUE,40.700519036495,-73.912852829607
6194,11419,4,134-01,LIBERTY AVENUE,40.691440043507,-73.812596337596
17900,11358,4,3345,FRANCIS LEWIS BOULEVARD,40.766426214159,-73.789835970259
5632,11233,3,641,HANCOCK STREET,40.684847116642,-73.929946084857
1990,10303,5,2220,FOREST AVENUE,40.626807226795,-74.163189228887
13006,10010,1,1123,BROADWAY,40.743246492273,-73.989123049646
20482,10459,2,946,SOUTHERN BOULEVARD,40.821476266123,-73.891665746457
2617,11220,3,5721,8 AVENUE,40.637021269225,-74.007951914127
18452,10023,1,60,WEST   65 STREET,40.772460625103,-73.980850447594
11136,10003,1,152,2 AVENUE,40.729470302708,-73.987018199831
6822,11435,4,9340,SUTPHIN BLVD,40.699445856527,-73.807203761191
15962,11358,4,192-10,NORTHERN BOULEVARD,40.757836713028,-73.789220665072
3746,11212,3,1101,CLARKSON AVENUE,40.660141472156,-73.921620973445
19533,10029,1,2135,2 AVENUE,40.793007853065,-73.940702500434
19108,10128,1,1376,LEXINGTON AVENUE,40.782528748221,-73.953379070553
7510,11206,3,18,GRATTAN STREET,40.705505836083,-73.932539191684
16572,10022,1,240,EAST   58 STREET,40.760476326281,-73.96601423936
22156,10464,2,1,ORCHARD BEACH ROAD,40.865153252788,-73.80283849787
9875,10013,1,386,CANAL STREET,40.721398581646,-74.004733199277
8646,10007,1,67,MURRAY STREET,40.714462187196,-74.010309504851
8732,11211,3,482,UNION AVENUE,40.714886172021,-73.951745579516
21775,10458,2,2344,ARTHUR AVENUE,40.854240101806,-73.88867329616
22203,10475,2,200,BAYCHESTER AVENUE,40.865905409786,-73.830429747919
11109,10003,1,5,ST MARKS PLACE,40.729333308216,-73.989388717216
15613,11101,4,3419,STEINWAY STREET,40.756238356218,-73.921204264201
21598,10457,2,535,EAST  180 STREET,40.850594481492,-73.893826694912
19652,10029,1,234,EAST  116 STREET,40.797563323422,-73.939145367645
11142,10003,1,155,2 AVENUE,40.729503240302,-73.987021801452
16017,10020,1,610,5 AVENUE,40.758003399168,-73.977595140586
21934,10453,2,48,EAST  183 STREET,40.858331466952,-73.902653166966
18374,10023,1,44,WEST   63 STREET,40.771486487081,-73.982414008303
8505,11211,3,566,LORIMER STREET,40.713853095143,-73.949325891048
3781,11203,3,875,RUTLAND ROAD,40.660644029378,-73.930537479079
8797,10007,1,78,READE STREET,40.715219988793,-74.007070279954
10596,11222,3,74,MESEROLE AVENUE,40.726563445636,-73.954262623268
9201,10002,1,85,ORCHARD STREET,40.717865759507,-73.990375378245
1454,11204,3,6814,20 AVENUE,40.614659143903,-73.987807803593
7158,11435,4,138-11,JAMAICA AVENUE,40.70250779903,-73.814783165913
15599,10018,1,625,8 AVENUE,40.756185423077,-73.990564733785
10796,10003,1,104,2 AVENUE,40.727477757409,-73.988465378159
11595,10003,1,801,BROADWAY,40.732558565544,-73.991264480164
5002,11217,3,301,FLATBUSH AVENUE,40.678890126966,-73.973684820145
16293,10036,1,728,8 AVENUE,40.759319725048,-73.988257700502
5418,11238,3,995A,FULTON STREET,40.682685970611,-73.963079484395
2583,11236,3,8203,FLATLANDS AVENUE,40.636540098439,-73.911682854009
11713,10014,1,141,WAVERLY PLACE,40.733192937259,-74.000598971561
21466,10457,2,1862,WEBSTER AVENUE,40.847011044743,-73.901317988675
22181,10467,2,778,ALLERTON AVENUE,40.865480931233,-73.864210202749
7423,11385,4,791,FAIRVIEW AVENUE,40.704734905181,-73.902499622665
7473,11237,3,24,IRVING AVENUE,40.705174676564,-73.925232270409
10703,10009,1,141,AVENUE A,40.727109245489,-73.982775733756
19825,10025,1,982,AMSTERDAM AVENUE,40.802023217984,-73.964562589897
16805,11354,4,3711,MAIN ST,40.761320327799,-73.830996650422
5603,11201,3,210,SMITH STREET,40.684516910524,-73.99197028787
12936,11101,4,10-76,JACKSON AVENUE,40.742877392198,-73.951974234496
13942,11101,4,4469,21ST ST,40.747766578522,-73.947455768005
2936,11220,3,4901,8 AVENUE,40.641580583023,-74.003203324215
6782,11237,3,1525,GATES AVENUE,40.698954457105,-73.912775541771
9007,11249,3,109,NORTH    3 STREET,40.716690566674,-73.961909825586
20928,10465,2,2920,BRUCKNER BOULEVARD,40.833266122728,-73.827510256137
16329,10022,1,52,EAST   53 STREET,40.75943804744,-73.973551803596
13023,10016,1,581,2 AVENUE,40.743332508221,-73.976867504059
14466,10016,1,90,PARK AVENUE,40.750496721488,-73.978864505394
0,null,3,145149,COURT ST,0,0
21042,10462,2,2094,STARLING AVENUE,40.836007993023,-73.855250383397
15142,10018,1,243,WEST   38 STREET,40.754052702162,-73.990059721494
16313,10036,1,610,9 AVENUE,40.759380425888,-73.991917911901
736,11223,3,2725,86 STREET,40.594393518287,-73.981359004171
0,null,1,810,STUYVESANT STREET,0,0
1694,11228,3,7504,13 AVENUE,40.620195775133,-74.00754646331
20173,10455,2,831,EAST  149 STREET,40.812433312955,-73.905191562704
1273,11229,3,1916,KINGS HIGHWAY,40.6103551181,-73.954385766547
4964,11208,3,1102,LIBERTY AVENUE,40.678463778675,-73.868623188444
4270,11212,3,1764,PITKIN AVENUE,40.670059297221,-73.90810555988
16585,10036,1,244,WEST   48 STREET,40.760513419363,-73.985817299478
5956,11217,3,255,LIVINGSTON STREET,40.688737457989,-73.983438342441
14089,11368,4,4053,99TH ST,40.74862816549,-73.866062575875
16136,11355,4,13631,41ST AVE,40.758671525406,-73.829072231746
17440,11361,4,40-19,BELL BOULEVARD,40.76407402447,-73.771216062182
10622,11378,4,5963,55 ROAD,40.726669433984,-73.907096355623
20203,10473,2,1930,PATTERSON AVENUE,40.813622380172,-73.855667748662
12545,11355,4,5916,KISSENA BLVD,40.740460226809,-73.815059773261
2958,10301,5,27,HYATT STREET,40.641881218839,-74.077236866205
18738,10028,1,1613,2 AVENUE,40.776350097887,-73.95286709569
21082,10460,2,1475,TAYLOR AVENUE,40.836811826058,-73.866263820784
9137,11375,4,11330,QUEENS BLVD,40.717509426664,-73.835523647641
18259,10021,1,1446,1 AVENUE,40.769892329603,-73.95445658737
9303,11249,3,164,BEDFORD AVENUE,40.718302840715,-73.957230033332
3251,11218,3,620,CATON AVENUE,40.647698611505,-73.974320596291
4527,11422,4,24310,MERRICK BLVD,40.674014024563,-73.730309506757
7838,11435,4,138-31,QUEENS BOULEVARD,40.70820840584,-73.818027914519
2595,11220,3,6008,7 AVENUE,40.63670253304,-74.011893585282
4530,11422,4,24324,MERRICK BLVD,40.674046410082,-73.730075045915
17064,11355,4,41-09,150 STREET,40.762388899418,-73.813814615944
2641,11236,3,9417,AVENUE L,40.637318695927,-73.897402890925
7968,11432,4,16624,HILLSIDE AVENUE,40.709587888321,-73.796140534579
10923,10003,1,41,ST MARKS PLACE,40.728386136933,-73.987166339898
3666,11207,3,837,PENNSYLVANIA AVENUE,40.657384150314,-73.889716700147
21555,10461,2,1809,HONE AVENUE,40.84921534609,-73.854986583604
11414,10003,1,56,3 AVENUE,40.731021287218,-73.988843617579
10870,10012,1,684,BROADWAY,40.727898162604,-73.99466741351
4720,11413,4,23004,MERRICK BLVD,40.676049024151,-73.740298397167
19744,10025,1,224,WEST  104 STREET,40.799496191392,-73.967561792864
21275,10461,2,2434,EAST TREMONT AVENUE,40.842594138479,-73.852127764372
90,10308,5,4105,HYLAN BOULEVARD,40.539721628314,-74.148196067222
18339,10075,1,1477,YORK AVENUE,40.770914609314,-73.950787805897
12314,10011,1,204,WEST   14 STREET,40.73875108596,-74.000194862487
17036,10065,1,1154,1 AVENUE,40.762302391442,-73.959984861514
19954,10035,1,1960,MADISON AVENUE,40.806102884801,-73.940383749723
5103,11216,3,1552,FULTON STREET,40.679796368155,-73.938910738496
7106,11211,3,193,LEE AVENUE,40.702160366844,-73.955956488323
19692,10029,1,163,EAST  116 STREET,40.798352021984,-73.940975830897
7917,10038,1,76,FULTON STREET,40.709025133679,-74.005439279328
20602,10459,2,1041,PROSPECT AVENUE,40.824735931663,-73.899526460136
22123,10040,1,176,DYCKMAN STREET,40.864115788672,-73.926372505265
3936,11215,3,422,7 AVENUE,40.663974172016,-73.984021235122
3193,11220,3,4811,5 AVENUE,40.646089928027,-74.009271892469
15226,11355,4,13158,SANFORD AVE,40.754520241513,-73.833861808807
18407,10075,1,307,EAST   77 STREET,40.771830557198,-73.955552807522
6914,11385,4,1715,CORNELIA STREET,40.700345741758,-73.905452560641
11639,10014,1,314,BLEECKER STREET,40.732816838629,-74.003932983749
22369,10467,2,374,EAST  204 STREET,40.871531235128,-73.87722915035
19875,10454,2,145,BRUCKNER BOULEVARD,40.803782313744,-73.920219454771
6828,11418,4,11623,JAMAICA AVE,40.699491212299,-73.83258214109
1871,11209,3,8411,3 AVENUE,40.624849867378,-74.030476157439
16683,10022,1,139,EAST   57 STREET,40.760828470287,-73.968887432352
2871,11220,3,5323,7 AVENUE,40.640578514956,-74.007829829687
869,11229,3,1503,AVENUE U,40.598852449746,-73.956262561043
11988,10011,1,78,5 AVENUE,40.735704232923,-73.993840463019
7212,11418,4,13240,METROPOLITAN AVE,40.702962304298,-73.81923608359
3850,11414,4,157-14,CROSSBAY BOULEVARD,40.662096795502,-73.840609657694
6230,11411,4,23109,LINDEN BOULEVARD,40.691855585937,-73.730496697272
20934,10032,1,499,WEST  158 STREET,40.833430086355,-73.941432443979
21305,10032,1,50,HAVEN AVENUE,40.843295419712,-73.942916413603
10066,10009,1,156,EAST    2 STREET,40.722767360588,-73.985179585669
19107,10128,1,1372,LEXINGTON AVENUE,40.78242173511,-73.953458586471
13295,11101,4,4729,VERNON BOULEVARD,40.744678559995,-73.95343813938
11521,10003,1,321,EAST   14 STREET,40.731995117718,-73.984087849803
539,11693,4,9216,ROCKAWAY BEACH BLVD,40.586336249367,-73.815743859152
2707,11219,3,4922,FORT HAMILTON PARKWAY,40.63822648503,-73.997884975887
8863,11211,3,376,GRAHAM AVENUE,40.7156404776,-73.944555664136
12188,10011,1,225,WEST   12 STREET,40.737562593942,-74.001479484984
17367,10019,1,57,WEST   57 STREET,40.763712119711,-73.975741322671
12547,10010,1,4,WEST   21 STREET,40.740471703639,-73.991050527833
20556,10031,1,122,HAMILTON PLACE,40.823890341596,-73.949245385037
20044,10454,2,226,WILLIS AVENUE,40.808513609171,-73.923295107241
22731,10466,2,4216,WHITE PLAINS ROAD,40.893902170533,-73.857080636957
15580,10018,1,300,WEST   40 STREET,40.756116851237,-73.991156703009
16501,11362,4,5609,MARATHON PKWY,40.760181236661,-73.731608926475
5635,11207,3,1643,BROADWAY,40.684863635691,-73.913900975478
16424,10036,1,515,WEST   42 STREET,40.759899404009,-73.996112337224
18873,10023,1,148,WEST   72 STREET,40.778073572727,-73.980401099931
4791,11217,3,197,5 AVENUE,40.67669288161,-73.98025435371
9359,10013,1,114,FRANKLIN STREET,40.718626302801,-74.006082195706
8424,11423,4,19529,JAMAICA AVE,40.713285264244,-73.764688897053
3393,11220,3,4420,3 AVENUE,40.650873900996,-74.011272665106
10646,10003,1,109,1 AVENUE,40.726769320686,-73.98589666698
20229,10027,1,3153,BROADWAY,40.814460625261,-73.959194715974
20783,10472,2,1594,WESTCHESTER AVENUE,40.829139973109,-73.875775550734
9782,11375,4,7000,AUSTIN ST,40.720884659438,-73.846810679703
4142,11212,3,453,MOTHER GASTON BOULEVARD,40.668007584658,-73.906421386409
11274,11367,4,6948,MAIN ST,40.73012304913,-73.823535142754
16315,10036,1,167,WEST   48 STREET,40.759390444511,-73.983095835433
21837,10458,2,621,EAST  187 STREET,40.85515223195,-73.886763092515
15764,10022,1,570,LEXINGTON AVENUE,40.756918006477,-73.972065672336
16953,10022,1,208,EAST   60 STREET,40.761969372556,-73.965670540959
13174,11101,4,2632,SKILLMAN AVE,40.744052622948,-73.941197347469
11040,10014,1,14,BEDFORD STREET,40.72907299313,-74.003492581242
8302,11211,3,345,GRAND STREET,40.712431285764,-73.955924425532
8210,10280,1,225,LIBERTY STREET,40.711530166285,-74.015672785414
10139,10003,1,72,EAST    1 STREET,40.723377099773,-73.988700593011
510,10305,5,1816,HYLAN BOULEVARD,40.584887064236,-74.093821716167
12867,11373,4,9059,CORONA AVENUE,40.742441888901,-73.873696780929
9838,10012,1,7,SPRING STREET,40.721159744526,-73.994332447168
12548,10010,1,350,3 AVENUE,40.740476123362,-73.981956708043
6436,11201,3,4,METROTECH CTR,40.69365887204,-73.983685937178
9490,10002,1,131,CHRYSTIE STREET,40.719361861312,-73.993217879826
2878,11220,3,6017,4 AVENUE,40.640673343373,-74.018578306354
6422,11221,3,1136,BROADWAY,40.693495383476,-73.929103952473
1005,11214,3,2120,86 STREET,40.602986134955,-73.995610139175
13287,10016,1,182,LEXINGTON AVENUE,40.744642520314,-73.981010047447
17672,10065,1,401,EAST   68 STREET,40.765101160373,-73.957524764758
5314,11216,3,1223,BEDFORD AVENUE,40.681488517949,-73.953525695713
4167,11215,3,461,5 AVENUE,40.668475968582,-73.986864298625
14606,10018,1,61,WEST   37 STREET,40.751128986813,-73.985032491324
10648,10012,1,649,BROADWAY,40.726786573117,-73.995630815897
5642,11231,3,265,COURT STREET,40.684942506414,-73.994638411123
13995,10001,1,18,WEST   33 STREET,40.748112604262,-73.985899349317
6521,11421,4,9705,JAMAICA AVENUE,40.694657656906,-73.848360521844
10775,10009,1,97,SAINT MARKS PLACE,40.727386752457,-73.984796112009
22689,10466,2,4030,WHITE PLAINS ROAD,40.889409374466,-73.859564210285
6831,11385,4,975,SENECA AVENUE,40.699519517495,-73.902124997314
22595,10463,2,5765,BROADWAY,40.883719177523,-73.901451347545
5754,11419,4,11915,LIBERTY AVE,40.686437391783,-73.823658409565
17823,11354,4,35-02,154 STREET,40.765823243954,-73.810851960991
12216,10011,1,37,7 AVENUE,40.737710820377,-74.000281463626
18472,10075,1,265,EAST   78 STREET,40.773027605414,-73.956425729441
2300,11209,3,7217,3 AVENUE,40.633326627306,-74.027014109348
18064,10019,1,10,COLUMBUS CIRCLE,40.767808491195,-73.982266967297
16751,11106,4,3302,BROADWAY,40.761150394183,-73.923663913417
14379,10001,1,411,8 AVENUE,40.749979802805,-73.995080694248
12390,11365,4,6145,188 STREET,40.73938824034,-73.785782509499
1254,11234,3,5117,AVENUE U,40.609980973655,-73.92223473564
12269,10010,1,285,3 AVENUE,40.738313482928,-73.983505359976
3074,10301,5,87,STUYVESANT PLACE,40.643821556891,-74.077567031421
14118,11364,4,6123,SPRINGFIELD BLVD,40.748796647225,-73.756547113927
2817,11218,3,4001,13 AVENUE,40.639971443183,-73.986956408341
21485,10461,2,3041,BUHRE AVENUE,40.847450745819,-73.831069750733
11869,10014,1,535,HUDSON STREET,40.734537707326,-74.006173862074
14107,11372,4,9313,ROOSEVELT AVE,40.748749034912,-73.873403266248
8167,11432,4,17019,HILLSIDE AVE,40.711171968818,-73.79174946699
110,10309,5,645,ROSSVILLE AVENUE,40.54235091781,-74.208236910242
17385,10065,1,792,LEXINGTON AVENUE,40.763767599208,-73.967070261602
13337,11101,4,31-10,THOMSON AVENUE,40.744894678602,-73.935021774284
20822,10465,2,750,CLARENCE AVENUE,40.830418029296,-73.815748294021
11971,11373,4,8543,GRAND AVE,40.735598789265,-73.881027630964
12705,11373,4,8202,45TH AVE,40.741617107084,-73.882767073715
17467,10019,1,768,5TH AVE,40.7641481437,-73.973950630007
15806,11368,4,98-05,NORTHERN BOULEVARD,40.757149978043,-73.870250522617
20066,10027,1,341,LENOX AVENUE,40.809203741809,-73.94444852375
8131,11385,4,62-98,FOREST AVENUE,40.710910142714,-73.9051778102
19422,11357,4,1237,150TH ST,40.789639368422,-73.814113694772
9637,11432,4,8115,164TH ST,40.72015830858,-73.804181804337
8452,11378,4,60-91,54 STREET,40.713494960505,-73.91108630977
1246,10305,5,1384,BAY STREET,40.609830847033,-74.06300945567
14781,10017,1,89,EAST   42 STREET,40.752093933162,-73.977604354379
7295,10004,1,25,BRIDGE STREET,40.703584442864,-74.012533121453
15957,11368,4,10802B,NORTHERN BLVD,40.757811500731,-73.860907570178
0,null,3,470305,4 AVENUE,0,0
14908,10017,1,15,VANDERBILT AVENUE,40.752785703357,-73.978073333536
18240,11354,4,3017,STRATTON STREET,40.769735720953,-73.834733489487
3117,11220,3,5502,3 AVENUE,40.644771460964,-74.017570482355
8921,11375,4,116-14,QUEENS BOULEVARD,40.715966489924,-73.833363070195
2015,11210,3,4102,AVENUE J,40.627627686786,-73.936361246863
3700,11232,3,850,3 AVENUE,40.658510383839,-74.00332668335
18127,11354,4,3116,FARRINGTON ST,40.768657993979,-73.83350148657
18095,10021,1,401,EAST   73 STREET,40.768344563064,-73.955158023786
9515,11249,3,54,N 6TH ST,40.719512193855,-73.961926244369
14167,11004,4,26421,UNION TURNPIKE,40.749005077824,-73.708223584906
18099,11369,4,9702,23RD AVE,40.76843154024,-73.8732393513
17469,11354,4,3514,FARRINGTON STREET,40.764151165244,-73.831668110665
13282,10001,1,130,WEST   25 STREET,40.744608190809,-73.99290854481
19186,11356,4,1520,COLLEGE POINT BLVD,40.784032137217,-73.845827074556
16783,10065,1,1125,1 AVENUE,40.761240448037,-73.960790484702
3429,11203,3,4201,CHURCH AVENUE,40.651384644455,-73.937938595443
13952,11101,4,4464,21ST ST,40.747810498002,-73.947462951347
9343,10002,1,115,DELANCEY STREET,40.718502330547,-73.988084546292
0,null,1,108110,WEST   40 STREET,0,0
890,11229,3,1924,AVENUE U,40.599276275246,-73.952218361577
14777,10018,1,32,WEST   39 STREET,40.752064735112,-73.983465849003
10347,11426,4,24617,JAMAICA AVENUE,40.725128689732,-73.721655898446
1952,10302,5,1351,FOREST AVENUE,40.625949769931,-74.134450400927
18325,10019,1,524,WEST   59 STREET,40.770787348849,-73.988533664382
10235,10013,1,231,HUDSON STREET,40.724274927162,-74.007839700964
9131,10013,1,148,HESTER STREET,40.717490062981,-73.996075138982
5064,11217,3,149,4 AVENUE,40.679399466817,-73.981677658814
11402,10003,1,225,1 AVENUE,40.730916251552,-73.982882990085
14097,10001,1,52,WEST   33 STREET,40.748658964466,-73.987202119545
